{
  "project_info": {
    "project_number": "198907742362",
    "project_id": "poadcast-33b5e",
    "storage_bucket": "poadcast-33b5e.appspot.com"
  },
  "client": [
    {
      "client_info": {
        "mobilesdk_app_id": "1:198907742362:android:7f6815bb7db945f1207723",
        "android_client_info": {
          "package_name": "com.example.poadcast"
        }
      },
      "oauth_client": [
        {
          "client_id": "198907742362-vnqi68feavit1o3kj0etuult5s37k2hg.apps.googleusercontent.com",
          "client_type": 3
        }
      ],
      "api_key": [
        {
          "current_key": "AIzaSyBwmwhP_0rzOICEpg41y3uq8yTQ7oab4z4"
        }
      ],
      "services": {
        "appinvite_service": {
          "other_platform_oauth_client": [
            {
              "client_id": "198907742362-vnqi68feavit1o3kj0etuult5s37k2hg.apps.googleusercontent.com",
              "client_type": 3
            }
          ]
        }
      }
    }
  ],
  "configuration_version": "1"
}